Name,Price,Image
Affinity Advance Dental Care Stick Mini Pack 4 x 360Grs - 28 Unidades,28.75 €/u,https://www.petsonic.com/18855-large_default/affinity-advance-dental-care-stick-mini-para-perros.jpg
Affinity Advance Dental Care Stick Medium Pack,31.63 €,https://www.petsonic.com/18858-large_default/affinity-advance-dental-care-stick-medium-para-perros.jpg
Purina Pro Plan Snack Dentalife para Perro X-Small - 5 Unidades x 69gr,9.55 €/u,https://www.petsonic.com/15574-large_default/snack-dentalife-para-perro-x-small.jpg
Purina Pro Plan Snack Dentalife para Perro X-Small - 5 Unidades x 207gr,24.91 €/u,https://www.petsonic.com/15574-large_default/snack-dentalife-para-perro-x-small.jpg
Purina Pro Plan Snack Dentalife para Perros Mini - 5 unidades x 115Grs,11.51 €/u,https://www.petsonic.com/11184-large_default/purina-pro-plan-snack-dentalife-mini-para-perros.jpg
Purina Pro Plan Snack Dentalife para Perros Mini - 4 Unidades x 345gr,22.99 €/u,https://www.petsonic.com/11184-large_default/purina-pro-plan-snack-dentalife-mini-para-perros.jpg
Purina Pro Plan Snack Dentalife para Perros Medianos - 5 unidades x 115Grs,11.47 €/u,https://www.petsonic.com/11186-large_default/purina-pro-plan-snack-dentalife-medianos-para-perros.jpg
Purina Pro Plan Snack Dentalife para Perros Medianos - 5 unidades x 345Grs,28.75 €/u,https://www.petsonic.com/11186-large_default/purina-pro-plan-snack-dentalife-medianos-para-perros.jpg
Purina Pro Plan Snack Dentalife para Perros Grandes - 5 Unidades x 142gr,8.93 €/u,https://www.petsonic.com/11188-large_default/purina-pro-plan-snack-dentalife-grandes-para-perros.jpg
Purina Pro Plan Snack Dentalife para Perros Grandes - 5 Unidades x 426gr,28.75 €/u,https://www.petsonic.com/11188-large_default/purina-pro-plan-snack-dentalife-grandes-para-perros.jpg
Pedigree Dentastix 5-10 Kg Sticks Dentales - Caja 28 barritas(7x4),8.27 €/u,https://www.petsonic.com/10731-large_default/pedigree-dentastix-5-10-kg-sticks-dentales-para-perros.jpg
Pedigree Dentastix 10-25Kg Sticks Dentales - 7 barritas,3.17 €/u,https://www.petsonic.com/10753-large_default/pedigree-dentastix-10-25kg-sticks-dentales-para-perros.jpg
Pedigree Dentastix 10-25Kg Sticks Dentales - Caja 28 barritas(7x4),11.54 €/u,https://www.petsonic.com/10753-large_default/pedigree-dentastix-10-25kg-sticks-dentales-para-perros.jpg
Pedigree Sticks Pedigree Dentastix +25 Kg - Caja 28 barritas(7x4),9.59 €/u,https://www.petsonic.com/8480-large_default/pedigree-dentastix-25-kg-para-perros.jpg
Pedigree Sticks Pedigree Dentastix +25 Kg - 1 unidad de 285 gr,2.87 €/u,https://www.petsonic.com/8480-large_default/pedigree-dentastix-25-kg-para-perros.jpg
Bayer Limpiador Dental Masticable para Perros - 140 gr,6.49 €/u,https://www.petsonic.com/15895-large_default/bayer-limpiador-dental-masticable-para-perros.jpg
greenies Petite - 10 Unidades (170 GR),5.99 €/u,https://www.petsonic.com/18832-large_default/greenies-petite-para-perros.jpg
greenies Teenie - 1 Unidad (8 GR),0.67 €/u,https://www.petsonic.com/18835-large_default/greenies-teenie-para-perros.jpg
greenies Teenie - 22 Unidades (170 GR),7.63 €/u,https://www.petsonic.com/18835-large_default/greenies-teenie-para-perros.jpg
greenies Teenie - 43 Unidades (340 GR),11.17 €/u,https://www.petsonic.com/18835-large_default/greenies-teenie-para-perros.jpg
greenies Teenie - 2x 43 Unidades (680 GR),18.49 €,https://www.petsonic.com/18835-large_default/greenies-teenie-para-perros.jpg
greenies Teenie - 2+1 Unidades de 170gr (oferta),22.90 €/u,https://www.petsonic.com/18835-large_default/greenies-teenie-para-perros.jpg
greenies Regular - 6 Unidades (170 GR),6.04 €/u,https://www.petsonic.com/18837-large_default/greenies-regular-para-perros.jpg
greenies Regular - 12 Unidades (340 GR),11.17 €/u,https://www.petsonic.com/18837-large_default/greenies-regular-para-perros.jpg
greenies Regular - 2x 12 Unidades (680 GR),18.49 €,https://www.petsonic.com/18837-large_default/greenies-regular-para-perros.jpg
greenies Regular - 2+1 Unidades de 170gr (oferta),23.00 €/u,https://www.petsonic.com/18837-large_default/greenies-regular-para-perros.jpg
greenies Large - 4 Unidades (170 GR),7.67 €/u,https://www.petsonic.com/14141-large_default/greenies-large-para-perros.jpg
greenies Large - 2x 4 Unidades (340 GR),11.50 €,https://www.petsonic.com/14141-large_default/greenies-large-para-perros.jpg
Purina Pro Plan Biscuits Dental Bar 150gr. - 6 Unidades.,15.84 €/u,https://www.petsonic.com/13407-large_default/purina-pro-plan-biscuits-dental-bar-150gr-para-perros.jpg
Iams Huesos Piel Pollo y Jamón para Perro - 7 Unidades.,4.31 €/u,https://www.petsonic.com/11528-large_default/iams-huesos-piel-pollo-y-jamon-para-perros.jpg
Iams Hueso Piel Pollo y Ternera para Perro - S,3.35 €/u,https://www.petsonic.com/11547-large_default/iams-hueso-piel-pollo-y-ternera-para-perros.jpg
Iams Hueso Piel Pollo y Ternera para Perro - M,3.50 €/u,https://www.petsonic.com/11547-large_default/iams-hueso-piel-pollo-y-ternera-para-perros.jpg
Iams Hueso Piel Pollo y Ternera para Perro - L,3.83 €/u,https://www.petsonic.com/11547-large_default/iams-hueso-piel-pollo-y-ternera-para-perros.jpg
Iams Hueso Piel Pollo y Jamón para Perro - L,3.35 €/u,https://www.petsonic.com/11531-large_default/iams-hueso-piel-pollo-y-jamon-para-perros.jpg
Iams Sticks Pollo y Ternera para Perro - 3 Unidades.,3.83 €/u,https://www.petsonic.com/11532-large_default/iams-sticks-pollo-y-ternera-para-perros.jpg
Iams Stick en Espiral Pollo y Jamón para Perro - 55 Gr.,3.83 €/u,https://www.petsonic.com/11534-large_default/iams-stick-en-espiral-pollo-y-jamon-para-perros.jpg
Iams Stick en Espiral Pollo y Jamón para Perro - 190 gr,7.19 €/u,https://www.petsonic.com/11534-large_default/iams-stick-en-espiral-pollo-y-jamon-para-perros.jpg
virbac VeggieDent Fresh para Perro - XS,5.75 €/u,https://www.petsonic.com/17253-large_default/virbac-veggiedent-fresh-para-perro.jpg
virbac VeggieDent Fresh para Perro - S,5.75 €/u,https://www.petsonic.com/17253-large_default/virbac-veggiedent-fresh-para-perro.jpg
virbac VeggieDent Fresh para Perro - M,7.67 €/u,https://www.petsonic.com/17253-large_default/virbac-veggiedent-fresh-para-perro.jpg
virbac VeggieDent Fresh para Perro - L,7.67 €/u,https://www.petsonic.com/17253-large_default/virbac-veggiedent-fresh-para-perro.jpg
greenies Greenie Pack Original Teenie para Perro - 170 gr,7.29 €/u,https://www.petsonic.com/20299-large_default/greenie-pack-original-petite-para-perro.jpg
greenies Greenie Pack Original Teenie para Perro - 340 Gr.,13.43 €/u,https://www.petsonic.com/20299-large_default/greenie-pack-original-petite-para-perro.jpg
greenies Greenie Pack Original Teenie para Perro - 170 gr,7.29 €/u,https://www.petsonic.com/20299-large_default/greenie-pack-original-petite-para-perro.jpg
greenies Greenie Pack Original Teenie para Perro - 340 Gr.,13.43 €/u,https://www.petsonic.com/20299-large_default/greenie-pack-original-petite-para-perro.jpg
greenies Greenie Pack Original Medium para Perro - 170 gr,7.29 €/u,https://www.petsonic.com/20281-large_default/greenie-pack-original-medium-para-perro.jpg
greenies Greenie Pack Original Medium para Perro - 340 Gr.,13.43 €/u,https://www.petsonic.com/20281-large_default/greenie-pack-original-medium-para-perro.jpg
greenies Greenie Pack Original Large para Perro - 170 gr,7.67 €/u,https://www.petsonic.com/20273-large_default/greenie-pack-original-large-para-perro.jpg
greenies Greenie Pack Teenie Grain Free para Perro - 170 gr,7.67 €/u,https://www.petsonic.com/20265-large_default/greenie-pack-teenie-grain-free-para-perro.jpg
greenies Greenie Pack Medium Grain Free para Perro - 170 gr,8.59 €/u,https://www.petsonic.com/20257-large_default/greenie-pack-medium-grain-free-para-perro.jpg
greenies Greenie Pack Large Grain Free para Perro - 170 gr,8.59 €/u,https://www.petsonic.com/20249-large_default/greenie-pack-large-grain-free-para-perro.jpg
